"","X1t1","X2t1","X3t1","X1t2","X2t2","X3t2","X1t3","X2t3","X3t3","treatment"
"1",-1.53298046781645,-1.65416893436339,-1.10699993531305,0.585795976797472,1.15679305423094,1.35107722139519,-2.09496435363855,-2.0988930062193,-1.6069168473106,1
"2",-1.65647157276043,-2.06950772661462,-1.727525529051,0.43966477459748,-0.29429133379138,0.406637136780017,-1.27902876512482,-1.05424960686306,-1.53456864718826,1
"3",-2.68866419699485,-2.18950297785633,-3.05739567166602,-1.530646167443,-1.78986336848117,-0.976554648059667,-0.873879901812863,-0.298953156714876,-0.727428125345764,0
"4",-0.721422679385192,-0.529910703983404,-2.14073765862217,-2.37657211712379,-1.66402751962795,-1.52174308325943,-3.87110289415708,-3.43953644240815,-3.34324863093946,1
"5",-1.35690209747842,-1.40381159713982,-1.60527650450491,-2.49149371097008,-1.54301372203413,-2.09014083348456,-3.46697060120917,-4.85979267182241,-4.08613114720622,1
"6",0.883115140904991,0.821933465620379,0.895801949138725,-0.636413646096677,-0.7596536091044,-0.813331135474888,-1.87040068309737,-1.56286731474004,-1.8723276796716,1
"7",0.15349073535679,-0.609782674620187,-0.357825801770883,-2.66888234623351,-2.30601961628323,-2.36470433473814,-2.81696688515642,-4.30660555206037,-3.15654361922158,1
"8",0.0563510630455187,0.103173642028377,0.280384520630604,-2.47304186244061,-2.03076133040709,-3.47480888609013,-4.23894626245874,-3.77522404186544,-3.15324045221868,0
"9",1.71669364053442,1.75081210172079,0.814260624176148,-1.72390592685388,-1.30109345463442,-0.9308414752018,-3.38976151709046,-4.12938380010945,-4.00631329292438,1
"10",0.488115375254641,1.25771900254741,1.81811618078266,1.92458611723532,2.25191179917334,1.06259016424396,1.12194245875175,3.01080985479815,1.63749622120121,1
"11",-0.679930636193256,0.0155931102523815,-1.60023244725795,-0.778498704822375,-1.18668858016815,-0.470757289234681,2.95671458303094,3.13653986429641,2.47238445221152,0
"12",0.628965450942238,-0.470384167626513,0.247198271710579,-0.0514525412633839,-1.61445367566186,-1.12107428822174,-3.40626726530095,-3.56748146427487,-3.777209609874,1
"13",1.43936022180564,1.49013957901461,1.38628923284909,-0.0459182353618122,-0.115577353231513,0.0119294572950515,-1.39608105276098,-0.837414377843663,-0.55748304572216,1
"14",0.0457020522597874,0.143608759252453,-0.846768608586726,-1.14499843592267,-1.26003237871225,-0.640643260638963,-1.05373609622399,-1.43703095975457,-1.04957668775142,0
"15",0.0429188849454395,1.38997756211836,0.270743231406227,2.42620212984568,2.12213135590752,2.12373956290503,3.36748176333071,2.05124186920152,3.46052197006258,0
"16",-0.152564555245927,-0.717238504567134,0.144797506857197,0.415884081763029,0.406954155669935,-0.656026964169409,0.104469741764037,1.57010085919383,1.33403355638268,1
"17",-0.584253724035979,-1.09924056576298,-0.461985946228923,-4.20167141773229,-4.69647166327862,-4.91448267711865,-6.85507199138181,-7.40154969613302,-7.51797732150183,1
"18",-1.5418398356788,-0.409352820163067,-0.132779846108343,-2.57053985382028,-1.81324506792837,-1.43210654554766,-2.42071992203233,-1.70086972387808,-0.881556548225666,0
"19",-0.00747645628116456,-0.75915687215658,-0.322789914300541,0.51002242394439,1.79669442130355,1.90168800154814,3.48033099348948,2.39334081634769,2.82241610480959,0
"20",-0.95512080026731,0.0469578685369853,-0.357705485144889,-1.66017615821229,-1.04362009820487,-1.59354510817223,-0.960067114722776,-1.02074650327405,-1.92642797889728,1
"21",1.63768162387016,1.67174655164261,2.11481943118036,3.00465154566586,3.61965921578362,2.38917828341443,2.70594597538567,3.17962934231911,2.77157067474997,1
"22",0.345955800158029,-1.53209215242259,-1.09447818121423,-0.800448154275179,-0.498635399279257,-0.693566158117962,-1.56632559539673,-0.689396903694474,-1.53825310034398,0
"23",-0.272056462716196,-1.64597502561528,-1.02885112178252,0.378006193488059,0.86624237951838,-0.445970569520765,-1.61917878222062,-1.65291853351211,-1.46104156987479,1
"24",0.136440398714544,0.439181782045715,0.603933737223114,1.31599665172982,1.75021287702723,1.37009602566704,-1.9519879052999,-1.76680206118437,-1.50395099644025,1
"25",-0.112942352635221,-0.773278749822121,-0.254995804292343,2.02739118406939,1.98835524706314,1.27090859582202,3.1335172163311,3.10605296266205,2.31524574968962,0
"26",-0.321293735949437,0.659549306904365,0.431112466318372,1.15449267509615,0.441435599130195,1.24510706086867,0.609368358755553,-0.284117496962979,1.31868156357899,1
"27",-1.15113835947056,-2.02023179340636,-0.628763194408543,-3.8667387900088,-2.3702278673273,-4.68817956458343,-4.29692293415614,-4.11979832246642,-5.31605502236086,0
"28",1.16888603317711,1.09694383351885,2.07711261214494,-0.546731672971639,-0.657578781838562,0.557855060051197,0.0127353447306253,-1.01105161428208,-0.498861342107774,1
"29",-1.97839748493205,-0.397119065307422,-0.406127359469086,-0.276399015450865,-0.438432932334754,-0.79830990158936,0.535315035379495,0.511706950814616,0.328808712507489,0
"30",-0.284023652050783,-0.650721839562997,-0.538444604319276,-4.02782909974203,-4.05864140378829,-3.52868682575613,-6.45578220906013,-5.49177366654269,-5.48356341722979,1
"31",-1.60816373392694,-1.10839367762019,-1.39806527485473,-5.17846851737506,-5.25489660238443,-4.81502808716874,-7.74560064723788,-6.57371666461174,-6.98090873643878,1
"32",0.0431146475583849,1.0063076579212,0.123484277915492,-1.89403022778442,-2.33881339494228,-2.32829788282283,-5.5102445403539,-4.00038678787714,-4.53455759438157,1
"33",-1.41500592284051,-0.328496729050187,-1.80743512386485,-1.74187161980377,-0.923632944609159,-0.99151951868686,-1.85374938506021,-1.13409351511872,-1.45559724271429,0
"34",-0.462197637397919,-1.10777954655841,-1.32851949486777,-0.708846760641808,-1.51054530491565,-0.600824407673546,1.08433614775858,0.56437007320895,-0.603145358920126,1
"35",1.81833928967235,1.25156081127494,1.97752734489727,1.74148007225023,1.06185964765462,0.610534972776825,0.303292986883527,-0.274743302842571,0.0634164557039624,0
"36",-0.0486813290808982,-1.01188230553783,-0.277236290716995,-0.329361855993206,-1.05228279069758,-0.662011620195386,-1.59444010596013,-1.55877109739064,-1.48913421478126,1
"37",-1.08739815002823,-1.67519668367513,-2.00475862404765,-0.807568952016708,-0.212121529914424,-0.159241135249827,0.599309810576914,1.44572759382808,1.19421386261694,0
"38",0.270512843297587,0.00645879121370133,0.818639253573073,0.298679074492446,-0.175821522949827,-1.14852839508223,-2.79753023954432,-2.46201781020449,-2.9297737980929,0
"39",-0.187377378140463,-1.12843659317086,0.122632817857457,-0.905920399076057,0.0708758563726474,-1.14437800897063,3.04672990907907,2.72561235372895,1.73802512111864,1
"40",1.45404610917587,1.82210079534625,2.26474009771699,-1.14066702021013,-2.49768677359843,-1.55140759472485,-2.87811983270997,-3.39388309472329,-3.50984747273918,1
"41",0.937531529038686,2.27413555015686,0.950390037709093,1.4846821612441,0.817187823827682,1.50502375588122,3.13642008184876,2.84951496398685,3.4968159564991,0
"42",-0.738094853542779,-1.13356178842963,-1.11849979283597,-1.22433343520314,-2.20630682950962,-1.51629021605683,-2.64482210364155,-1.48948015710977,-3.54120951910323,0
"43",-0.218719077337844,0.400021019410815,0.715397319141812,1.02902996165173,0.416751610149734,-0.358014549240458,1.62324109441929,1.55722468984762,2.07316975769193,0
"44",-0.438179906548139,-0.582023855154947,-0.170657675082426,-0.516567452468233,-0.437471963596293,-0.732935545225758,2.44539304124177,1.38003140430831,2.6848740087497,1
"45",0.890164760527166,1.30501123830917,0.637585956439198,1.56010178212334,1.24551989833654,0.914363524004812,2.20690352243955,1.65289611893875,1.93273809314758,0
"46",-0.84659558455031,-0.750454528324984,-1.0462210065616,1.19848111729901,-0.33189230833299,0.963715313943003,1.76178744730653,0.843052064825973,1.79910571724461,1
"47",-0.520047406949869,-1.26229402249886,-0.795145680275825,0.572652894173217,1.66867121590311,0.172988278889176,0.241864694899277,0.509066998680453,0.719718120221314,1
"48",-1.85436377820456,-2.41053687494165,-2.63007105945558,-4.07017067596879,-4.39115520701725,-3.73438552184492,-3.1444198812999,-4.06632283863591,-4.13738757980907,1
"49",1.21170674065766,1.74667782481869,1.58049541456286,-0.140681295667702,0.509327730108215,0.676387712583012,-0.699920101898857,0.225795731178852,-0.31070978556683,1
"50",-0.958692294541665,-0.0737597333985389,0.444954493840538,2.35728602177965,1.15206552278828,1.639971290392,3.75490678712227,3.65381230698739,1.83064166445179,1
"51",0.58385383611636,-0.41703879792918,0.496449315421394,-1.23480717428833,-0.859967334522607,-2.03860311843171,-4.53008996764487,-4.97715647654164,-3.69827953468878,0
"52",-1.0639130845247,-1.31295861810949,-0.607528821589232,-0.31850822499368,-1.941964782514,-1.00074603009467,-1.64412344708928,-2.2518437745475,-1.09923992778213,0
"53",0.697454226062743,0.400538839870962,0.351289586019327,0.243157021748675,0.108642088031667,-0.11273035205001,1.51845825706617,1.41933799875207,2.18271502362388,0
"54",0.186753342970096,0.0451753052630157,0.4036398258082,0.832487550206995,0.093118243270889,1.88987307244473,0.390370030680033,1.25330440536315,0.803857101480227,1
"55",-1.53270030888003,-1.84071215195868,0.478649874290974,0.41548189587139,0.983883041498569,-0.28917585029576,1.12355613328568,1.54481333480703,1.06591829635608,0
"56",-0.479365139051995,-0.0776793638675917,-0.233946639387148,-0.0402450128149642,-0.328763270180275,1.01848128261899,-0.227040074282947,-0.933039144603625,-1.81205232190368,1
"57",-0.55685335756672,-0.336215618633353,-0.440345460598089,-0.334612843183927,1.28101836057553,0.374186844876962,2.05700531013197,1.80589932669197,0.732820226705526,1
"58",0.709829354393499,1.27860253515192,0.351248974549004,-0.0944105916183507,-0.291057587288936,-0.580736142413013,-3.36060422526665,-2.96655134189715,-3.28604188675913,0
"59",0.239513921301052,1.98614535104267,1.48165355882168,0.688502118402042,1.37316520380588,0.844750204886446,2.42759989302206,3.17423643861678,1.56720571237276,0
"60",0.270346747280792,0.103905766765403,0.244019192274055,-1.41159796062309,-1.72399445052267,-2.15854338306651,-7.41263102391706,-7.89911592089055,-6.98966772234463,1
"61",-1.50719111162022,-2.42638283706207,-2.35948558261344,-1.72011647494626,-1.53588920073499,-0.752494395108981,-0.267844572362773,-0.172472140944932,-0.549316506503186,1
"62",1.468930948188,1.78741858924843,2.04884314297715,-0.584329990685656,-0.124399271338092,0.721651365815917,-0.460210506895948,-0.182332916537221,-0.411368531363396,1
"63",1.05117987969243,1.60929565006103,1.62224233995316,-0.252214684261943,0.754804904570896,1.00132648829866,1.17405814642475,2.00214635778867,1.04523875854892,1
"64",-0.0199757807466405,0.218706430342901,-0.283145792364983,-2.34931497495415,-2.47957229011116,-2.26500020739053,-4.72309415391342,-5.59291387696721,-3.83640099636198,1
"65",-2.50041110920992,-2.29220370826636,-4.0818697640364,-6.0146594815825,-5.893137800848,-5.64579308203203,-6.4816355221047,-7.62884968129867,-6.02297483376652,1
"66",0.337603335347288,0.436787675708035,-0.200420939260813,-1.36487549077101,-1.70434524663974,-2.32938805625072,-4.71909834606847,-5.14466777176369,-3.42872678223009,0
"67",-0.401913118014496,-0.159789560726531,0.380567050997893,0.410749954311079,-1.05584793352811,-0.296630857134929,-0.907470383977925,-0.828075626822541,-0.758641135561057,0
"68",1.37300857656648,-0.00548615015345988,0.547606615136556,-1.74846016913209,-2.3822776323393,-1.60672754707835,-0.547962835617481,-0.946702994055914,-0.372974336507415,1
"69",-1.92179645880989,-2.31464116806942,-2.21302706512267,-2.36955440093289,-2.69376583022706,-1.71807254457857,-2.80211562590425,-2.49509429035291,-3.69112503794556,1
"70",1.10530326260306,1.58992197148883,0.569281732960088,-1.59771892404558,-2.59781157857579,-1.90394576329105,-2.29257361806967,-2.11865524521996,-2.99342468272549,0
"71",-0.363526928666719,0.160906084795939,-1.38265722996386,1.41147206102193,1.3035605253344,1.38479031922776,-0.0957734724682356,-0.417148647291723,-0.492455160241924,0
"72",-0.252693397978279,-0.0480523326173334,-0.28334061559212,0.270489893417039,0.654255338800201,1.06563592820601,1.79902528401888,2.56242184004194,2.72662090072802,0
"73",0.957508578767724,0.103849044060004,0.413078448682311,-0.0880661979676165,-0.238263104433262,-0.468554831209491,-2.71364159794071,-2.88078123209296,-2.92031557408175,0
"74",2.63154700823003,1.02318569788717,1.90120834816646,0.752375614947615,0.654412918100069,0.361490548520273,-1.07787335568717,-0.385660100345463,-0.581804782715746,0
"75",-0.193612984535698,0.043562719187323,0.0753815072850615,-0.534332311243843,0.334320535974683,-0.276019669757913,-0.140410114309679,-0.265329834934253,-0.623398065078539,0
"76",-0.895303594680695,-1.75474033951174,-1.30905850824308,-1.43308452136117,-1.65813253320558,-1.87030617817423,-2.53344207276464,-2.55803499214931,-3.0621623222878,1
"77",-0.221823607046246,-0.574253617514966,-0.619419624352265,1.79254978385413,2.28596959481374,1.67261676483444,3.53467258368458,3.99757761303796,3.64384338655378,0
"78",0.591664803152369,0.737017753526617,0.872803571083707,0.385309810061088,0.291443653739839,-0.103421249296007,3.16406136030298,2.19719819411674,2.44133403123799,0
"79",1.61182729035371,2.11570641020453,2.70166131734337,1.17622511677689,0.271706891535546,0.095257521965618,-0.450342950030955,-1.24132417134653,0.191579833416259,1
"80",-1.23994836509856,-0.998855654513145,-1.0691581385037,-0.733119177509574,0.133625354824738,-1.20159156859901,1.52574843979631,1.64146228047541,0.57602055035428,0
"81",-1.53923643859341,-1.3474372418109,-1.24387505404583,-1.87094574054521,-2.26298559613462,-1.6992496397581,-1.48844033873415,-2.25289177785466,-1.54778919449421,1
"82",-1.04789334958105,-0.28436300080746,0.0589528628974184,-1.30565158192211,-0.505079808512587,-1.40404935876116,-3.66466193323058,-3.81023790132622,-3.37116810939242,0
"83",-0.733127428439271,-0.543877979040893,-1.37068259582549,-2.07859026702055,-2.73448048296691,-3.6917113080924,-5.49935057521117,-5.9757373740509,-5.93394443719165,0
"84",0.547103172273139,0.0801417898118956,-0.696826731538542,-2.60902334981925,-2.30969321635348,-3.81394900830804,-5.49775228645819,-4.29020735660215,-4.89276401225823,1
"85",-1.58499911693309,-0.720105012537846,-2.30504320743223,-0.757805768900682,-0.397196450405774,-1.43340290690269,-2.93491781627344,-2.14601720050236,-2.09190411851739,1
"86",-2.20725035448888,-2.67862733448286,-1.66868068559213,-4.42000717637792,-4.46953490091654,-4.05256002959165,-6.84428478654079,-8.07610845545976,-7.89655292757629,1
"87",1.67511464687922,2.29997414342429,1.05504359430586,4.01100365099574,2.93529446393917,3.22724743227726,4.71606738802854,4.21800187817185,4.47298097241941,0
"88",-0.297744986886836,-0.16457842713655,-0.0808413922307808,-1.65290457060391,-2.37820517044974,-2.4048484084762,-3.66146714192947,-3.79369653027677,-4.00292020080134,0
"89",0.721102706242344,0.0631798434483161,0.608949493072757,-0.778819930320946,-0.461359184187053,-1.82118162597388,0.806925795268881,1.34093248313833,0.992177272268462,0
"90",0.349373821550725,-0.287088455288638,0.388048092226146,1.67513479541182,1.04354685672494,0.98539488610852,-0.680028388777516,-0.484438535992473,0.338096890391452,0
"91",0.620843666115969,1.23724944901636,0.91027636570775,-2.08053346295582,-1.8027930292315,-2.00406086623727,-2.47654215386499,-1.33493727875904,-2.15262010058952,1
"92",-0.0867107514215026,-0.251237107231472,-0.158873827682544,-0.174574988047008,0.0815345897625584,-0.560407797326007,0.218137554323418,0.71347767362493,-0.331103218137804,0
"93",0.685828493684635,0.847964016515574,0.490478398609901,1.7478313308888,1.62206379097107,2.4591049820885,1.3377310171843,1.73914452225398,1.38575236026614,0
"94",-0.474787793717494,0.0810800512964744,0.0569416834089123,-1.84200656655787,-2.13937738567733,-1.96077316070578,-3.24492345067989,-3.67085326642725,-3.63867144587801,1
"95",-0.917687592814951,-1.5314609172695,-1.22707516876415,-3.75871787587797,-2.16209114063277,-2.56036553342293,-3.01075294661775,-3.15849422083003,-2.63292914924816,1
"96",-0.368961754440137,-0.158747908711542,-1.16050361809935,-0.256793969234693,0.607745367291235,0.260069860747499,-1.44191541071402,-0.926704941476581,-2.04706344564793,1
"97",-1.21432711590873,-0.0100846722665398,-0.790084254404416,0.165625064613051,-0.158822064703381,0.0222187671226029,-3.83400963160191,-3.06021188400699,-4.63074737960516,0
"98",-1.83371219653149,-1.31120116724048,-2.03658031210279,0.356031228702853,0.322826639674084,0.0361500223307706,-0.109474996573559,-0.574521206199423,-0.373312885134551,1
"99",0.789049106511894,-0.959322347938891,-1.08648943216911,-4.39550709689353,-4.45466481609617,-5.13805532633483,-7.60524059517536,-7.9011627964373,-7.14661349862078,1
"100",-0.0596853124853417,0.51602584272992,0.480494876643792,1.17023818116186,2.05805883733757,2.5548050400332,0.119340538369114,-0.142872934234287,0.156235086715316,1
"101",-0.675623476582451,-1.21567990523926,-0.983751091239121,-1.66736542460659,-1.89653419563919,-2.63101915330254,-2.44237073011609,-3.06860309786258,-3.22376137062602,1
"102",1.76149789878503,0.920671976226073,1.2578285966812,0.430588351748847,0.774031431750758,1.17768779539085,-0.15889583501193,1.44733823231225,1.18615049132115,0
"103",0.056599448733299,-0.198225061858034,-0.394858911524433,0.472463593780458,0.815190431009597,0.191791867587157,2.89145290408932,2.27589136816335,2.15071150195378,0
"104",-1.30787246993744,-0.787363104149854,-1.68375518378269,0.502402251211573,0.158456922239697,1.09374051610934,0.919858598324855,0.414725088619412,0.0522277319955341,0
"105",1.72749991276831,2.36171645969987,1.14390560700541,0.654270184973884,0.206279801257386,-0.17215214030481,-0.83877182957139,-1.66960097504604,-1.59264641490353,1
"106",0.459239249972797,0.269381534839783,-0.720851014042118,0.578574609340382,0.420154390189009,0.42888155260773,1.63747454371186,1.62753469036105,2.32287378514585,1
"107",1.48285585638602,0.762646049403124,1.48215246735062,-1.96216287730038,-1.56706835991715,-1.64282880433,-4.76792191225338,-4.0648115047906,-4.2562823365959,1
"108",-1.58355798959019,-0.299459806260512,-1.02918624626542,-2.22618760722555,-1.79164357654531,-1.4437933718379,-2.10064201191868,-2.16503295428665,-1.69893289636352,1
"109",0.853857866962447,0.19755063847246,-0.0825306401521194,-1.04079508818371,-1.4815858640758,-2.33280315996472,-4.3744610570493,-3.4437155183324,-4.03262654525692,1
"110",0.410263075245504,-0.717568202757019,-0.6939669310257,-1.81480435247471,-1.81754870916871,-1.90950514670001,-3.46457300793851,-2.431880589008,-4.34189283520273,0
"111",-0.773468849562984,0.646626442527524,-0.022151208512586,-4.10600754349389,-4.12972783137075,-3.74993631065075,-8.00219005866652,-8.85005595978886,-7.73268839354643,1
"112",1.89323260462618,1.74828191491213,1.09916041216738,0.957551999454515,1.27046905732685,1.05765058464171,1.2767022966017,1.40233476928045,2.20219329061786,1
"113",0.181463144046022,0.982184565361776,0.0364540384894779,2.20137668003726,1.65186961947937,1.58237734460796,3.73745373117498,3.9661656632379,3.87518677851475,1
"114",0.696017724206794,0.323435232690452,0.273888676457592,0.604309589757308,2.40070740401274,0.90296937912914,-0.135975724582089,0.599922097203739,-0.0981167620796971,0
"115",-0.685521063135871,-1.31441288314835,-1.3314754630017,-0.895843468359161,-0.807705290191745,-1.31064114330949,-1.10732643544176,-1.52227165495155,-0.736399715771103,1
"116",-0.784906329025621,-1.75763181765863,-1.10455006520683,-2.23909217501515,-1.65540366001122,-0.28053094549259,-2.48676081377901,-2.30344161662942,-2.36779065119263,1
"117",1.89971011486775,2.24401724880853,1.52688187100755,1.9638823506418,0.339508879099489,0.118816750324973,-0.924174179022923,-0.15735588043627,0.887422632355343,0
"118",1.10728266618637,1.26850475482009,1.27158322393413,1.73740147403316,2.41787244470781,2.46580455415978,3.07135125623507,3.10445403720061,2.89128453123762,0
"119",0.241709631194692,1.37959923330514,0.89624702373493,1.45141490827379,0.844779085963862,0.444467201990695,0.149843001437704,0.0120786045032358,-0.474433211253394,1
"120",-0.322043860310948,-0.622471655607433,-1.32040312545266,-1.37554539702933,-1.32792136650822,-2.39395019125042,-4.57665938316992,-3.66934035211161,-4.42808909146045,1
"121",2.16537763192898,2.35857735269232,2.31015237227302,2.45897484566299,3.01931917201507,2.62201723565378,4.01633686970358,4.05038075933136,4.80167339353346,0
"122",0.630760923297661,1.32988939891192,0.461954257703713,2.46616299236485,3.40981086992874,3.70145155110093,1.77643568429212,2.5758404888011,2.59777569742875,0
"123",-0.77984232382891,-0.184474523832442,0.457650267450614,-1.14077495328244,-0.862689466337058,-0.424368845821786,-4.65385006353236,-4.19685384692367,-5.03286607138761,1
"124",0.340265039703782,0.394247241995667,0.838158134717196,0.413257938704903,-0.435832087384943,-1.07635300791274,-0.732520641917496,-0.198233101252078,0.0242436969838176,1
"125",-0.824812856430539,-1.03679460051819,-1.17698143847556,-2.72399701428651,-2.93297813769067,-3.36620019848431,-4.45819807243401,-5.3808824914663,-4.49999670500401,1
"126",-1.82601477900941,-1.0526764324139,-1.75661108712086,-0.902311944772126,-0.313250625046494,-1.29303143172486,-1.21902953951334,-0.359410220070797,-0.148561183946448,0
"127",-0.320220180192065,-0.598255038939638,-0.0561658134955156,-2.02072629592129,-1.41499017764947,-2.04583556894887,-2.97271457478844,-3.13799939068369,-1.66180159607228,1
"128",-0.324587748652918,-0.604791512523924,-0.149304213026717,-1.80781030973139,-1.4685701802316,-1.05079663849132,-2.18839559083736,-1.66672327602866,-2.65729632104046,1
"129",0.601953478306297,1.06886671336996,0.909058744162049,0.604087282618062,0.520848495732233,1.36656065190173,0.942602396451302,0.850931832828201,1.41415585433901,0
"130",1.06964021702366,1.24521632033064,1.01998654579509,-0.472752288943095,0.394424729958755,-0.702153797056489,-1.58560090665613,-2.0530767828827,-1.61444662989167,1
"131",-1.60545200495259,-1.08551849755986,-2.37455351830972,-2.2360111173091,-1.40672994032591,-1.53894373336916,-2.17134690415259,-1.57511429189094,-1.31450243550086,1
"132",-0.0359506017415946,0.14775159860352,0.18292402285805,-1.02227930096081,-2.39026954159339,-1.94708988857072,-2.44137788013221,-2.65731706166968,-1.80785766084897,1
"133",0.874031823761325,1.38239148793274,0.291937334507071,-0.963573050430427,-1.74546967423723,-0.607102894717527,-3.132090934447,-2.56592886184701,-2.73088290817171,1
"134",-1.0867230026722,-1.26317018293554,-1.3681495289268,-0.596065531122532,-0.886375683103466,-0.185738352979274,-1.09836710386454,-0.50424274673843,-0.975353668374576,1
"135",-0.623903899609789,-1.35084411026925,-1.36485321229826,0.359958809798654,-0.277858199310376,-0.607968545517149,1.08547827308386,0.579804516431246,0.917559863937741,1
"136",3.35224253837172,3.08669523548129,2.1317499720515,-1.52701828770697,-1.61003034047781,-0.576609443419396,-2.91234929374301,-3.43931530881384,-1.90168564830713,1
"137",0.59270569233799,0.152853984636397,0.494316527350058,0.546669237233665,-0.275473624555422,0.944068944513458,-3.35319756180962,-4.31345226015348,-4.05750449413878,1
"138",0.123492891094908,0.899985801704565,0.395042017866669,1.53309246891534,1.33763434277144,1.83203934812981,1.33655436883001,1.33722280906468,0.51279728983322,0
"139",-1.49141279491737,-1.64265350414502,-1.05376695843352,-5.04546969779174,-3.0262300437812,-4.09498321368963,-7.21950476306185,-6.67311776319222,-7.30198326405425,1
"140",1.4672660213076,0.659822159406235,1.56101589542132,-1.2061755216811,-1.48676773695861,-0.98856577801516,-5.39754412246544,-4.42245473103497,-5.59736099151141,1
"141",1.58223618400228,0.663212102446803,-0.275407828406641,1.66873069404831,1.25773284787104,0.721167698737558,3.63419717960756,3.15343382824175,2.6811877220356,0
"142",1.30903831032424,1.41262773325227,0.715729994294784,0.45684525929583,0.970509114465711,1.06777559839029,-0.505716696611973,-0.242594225685937,-0.822248089850709,0
"143",-0.640259731540547,0.601690957649967,-1.01157184035751,-1.91639748153122,-2.208736757721,-1.43078949412261,-3.65830466723119,-3.26538157115815,-3.83399743940821,0
"144",-1.59915572976191,-2.49585649892896,-3.08550514855305,-3.57709514516434,-4.36511539207,-2.53580641373994,-3.70049253130059,-3.95228543282211,-3.60393347511298,1
"145",0.31564156080921,-0.648025214127851,0.583768535450954,-3.22967877795546,-2.02025601619801,-3.07412294927047,-4.53481666501197,-4.35874949151713,-3.60576635788769,1
"146",0.766252229243659,0.219807361960681,1.16675644355433,-2.78330049238885,-3.02347735534156,-2.87422695721954,-4.98501063797546,-4.516304104856,-4.65427010143526,1
"147",1.49648180804722,0.398348399202603,0.591331252083543,-3.07424953002827,-3.56830806594329,-3.50060280568304,-7.0670028267226,-6.46720325226524,-7.3451606965321,0
"148",0.0717161679690611,0.0335633560057814,0.566469023307664,-0.271009278421429,-0.0902240971701784,-0.012747052255818,1.2592193500038,1.64192357501313,0.780699918873442,1
"149",0.663853122028705,0.393942270902593,2.2034769078354,1.44998505849116,1.52846384458302,1.68208487793327,2.27827835661112,1.57061005831984,1.23839147607134,0
"150",0.94174337276365,1.53839736628896,1.2855934198072,0.116263535861101,0.279439171554234,-0.292059415943238,-1.48192173023838,-1.11768355704234,-1.64488194408949,0
"151",1.82090087769153,1.82985385314061,2.66870860584051,2.04360998288939,1.15280737048079,1.06356430675252,3.26858681666709,2.48959435149037,2.19642225734324,1
"152",-0.43369916771286,1.07859689553254,-0.227664392500738,0.706532559666761,1.43483113782769,1.54054557515133,-1.71034097251491,-1.93638565083716,-0.586090055453535,0
"153",-1.28017981909451,-0.699212914359215,-1.73409213759863,-3.0845565713758,-3.22958141929572,-2.94411203976895,-4.64825500464461,-6.10301351134438,-5.32850248675781,1
"154",0.955306439318496,1.8718033610958,1.69858491513088,2.15450383550352,1.93085624084548,1.9432191484672,2.80071611034974,2.24860172400075,1.531809245182,0
"155",2.53943627975219,1.62584398607894,2.73966946641774,2.87072946786415,3.27978684181957,3.03676564712109,1.67537027463672,1.98942918292568,2.26922725112726,1
"156",-0.920930061498696,-0.36552402668655,-0.220267590913327,-1.65277954801099,-0.512355529006448,-2.0072316931206,-4.42309122311161,-2.74810565868295,-2.7198776589287,1
"157",-1.38107522371859,-1.80309588973536,-1.37930405015176,-1.53436409108788,-1.97954013450102,-1.43167579995453,-4.66337633692132,-4.05358885006783,-4.580023715766,0
"158",-0.246091921272208,-0.537663666122763,-0.749784287719896,-0.9689978278591,-1.01199091521873,0.141385409603771,-1.70694039986496,-2.15702483440063,-0.853727697686191,0
"159",0.602575876516402,0.442499244739967,1.21705297735613,-1.55574280147896,-1.90482289408114,-1.84062603057483,1.45902853855715,1.03718989106966,0.907171911401553,0
"160",-0.756941431088595,-0.627635552126886,0.188675996907732,-1.16325416383669,-0.3842822577923,-1.07028435895378,-1.46721454033361,-2.10970868534753,-1.33421448666093,1
"161",1.64687572276994,0.502933819529706,1.07632179122555,-0.929341424555135,-0.765343462516265,-1.54087827411113,-4.1928028308505,-2.83207262093961,-3.44285042374449,1
"162",3.32744101406144,1.49350824981796,1.86301834820801,2.27685474252903,1.38552972912792,2.85708776192884,3.73310604294182,3.11982665041104,4.31686023805925,1
"163",0.58831173747162,0.237152282619483,0.0482691768528717,-1.86064589215285,-3.14771448563928,-2.77010861693266,-3.59369676064457,-3.74273875060189,-3.09542583279388,1
"164",-1.8223856094177,-1.77425393831802,-1.84526804548081,-0.506041678439955,-0.238323126515949,-1.55878817015713,-2.46340725421433,-1.57218565519777,-1.74781748463811,0
"165",0.411532953406812,0.345491591067686,0.874972379813257,0.989650317583557,1.05411292659837,1.18313832771242,1.3816718117871,0.515614974447567,1.15553156456121,1
"166",-0.880786238000905,-1.71706188029021,-1.25753205921031,-1.18482045545582,-1.62924384159265,-1.0095360534094,1.09113396969612,1.32267344122186,0.734925425756193,0
"167",0.416862154315677,0.0387158188856007,-0.248996869878509,0.806317941056311,0.00301569120730349,-0.380383381450306,2.30794494023256,1.98344669309576,2.37992359172919,0
"168",1.07581393719938,-1.50833327037124,-0.550873852795244,-0.870341730554895,-0.884076950159592,-1.74548154463003,0.416825354452377,-0.0439058232282862,0.0611356095582868,0
"169",1.38221632881117,2.41704713889373,3.02402842113013,0.492214157751778,0.656156810194781,1.17154496393267,-0.155440925219411,0.493535252121501,-0.0998292512216493,0
"170",-0.572029455537046,0.280558774067357,0.347669664717287,0.505244593571408,-0.70465184907092,0.316346104606138,-0.539300584033609,0.127563124333071,0.0920556327183524,0
"171",1.00410805653257,0.358691247970151,0.502216568822358,-0.0791672186114636,-0.33508391585447,-0.607382935207154,-0.48083144650507,-0.710432877805443,-1.20739236988059,1
"172",-1.52140320239025,-0.208567635046081,-0.840302957936923,0.477452313158005,0.100708894289493,0.760152464501791,0.496532410664645,0.537246735587451,0.138943872232357,0
"173",-0.0744159365816242,-0.686194749154435,-0.236099913260045,1.24760643007806,1.48713840159092,0.964358201752496,0.0472810757572477,-0.589622341692791,0.782192997716051,0
"174",0.465619508441746,-0.471014821156549,-0.00713045047753874,-0.613399849694427,-1.0295119394585,-2.84532786145401,-2.83848204628007,-3.54434703817287,-2.70328024299819,0
"175",-1.40315781138316,-1.74155545902371,-0.9916639937611,-0.297222966063169,-0.535262691678876,-1.11682483562572,-2.27359504624197,-2.08466380168757,-1.8115494265193,0
"176",0.00155686602645722,0.827977757545121,0.349561097992355,-1.02606672525971,-1.76769087424425,-1.48278752104564,-1.52434736884439,-1.54747788073519,-1.70169216320684,0
"177",0.225991659659623,-0.155139203535361,1.7392198146196,-1.21458886951545,-0.637365177871193,-1.4772895548089,-4.02798846829166,-3.5415592527037,-3.90317393513468,1
"178",0.584110899983995,0.194145951107391,-0.219298951404594,0.453881895188457,1.14400316460398,-0.196179149681339,-1.01905647721799,-1.27651709414403,-1.75651578127904,1
"179",-0.60331168767728,-0.0385148450782426,0.144900331546423,-1.25826998452623,-1.54672273591967,-1.62425945889681,-3.97771499327774,-4.37853319656781,-4.11546725043529,1
"180",0.98332710630558,0.467720985243887,0.172511752632947,0.137587304259752,-0.711063815993864,0.989556516383297,-3.19914398265988,-3.12596969033357,-1.6562604896742,1
"181",0.572985503595382,-0.40359902428538,-0.205319038387732,-0.239195341768971,-0.741968053974233,-0.474812508356764,-3.60813852116661,-2.73476974466267,-3.26259080373686,1
"182",0.320906800073429,0.464754635034673,1.36303667126237,-2.64465816319006,-3.75388353639845,-1.82929295500745,-4.16866427308925,-5.36831952385457,-5.2057174507992,1
"183",0.54670073612876,1.24500043647435,1.03329485026575,1.98918026650399,1.84754567937069,2.0173462869245,4.07513937834954,4.01529372647243,3.67599094002281,0
"184",-1.53290014998602,-1.65452504329624,-1.54898411338022,-3.00658733691696,-2.65260985978838,-2.54723407128711,-3.28245645934089,-2.23528880476854,-1.46362908892391,0
"185",0.199491333291658,-0.838023587035775,-0.0845986061853289,-1.29243057544911,-0.267515326913219,-0.0470538534302467,0.959931433466221,0.559423170955303,0.836197102031013,1
"186",-0.43206284403588,-0.756624680415432,-2.43940421715233,-1.11253021831357,-1.03616526174127,-2.74432726907374,-2.11671828103506,-1.40618929990474,-2.15716717911396,1
"187",-0.526222210807677,-1.48229555993282,-0.181982366722554,-2.41306188863929,-2.24671938376347,-3.07712503228298,-3.8530061826039,-3.31163176959806,-3.41147618396864,1
"188",-0.339723987213124,-0.757527014976511,-0.471030198643237,-2.0243451694844,-2.51238811453672,-3.78757270942913,-2.48154857531301,-1.92403910579203,-2.25418978796457,1
"189",-0.4239772756861,-1.04103568156097,-1.49531902819017,-0.866387640686067,-0.751788973133328,-2.32649357205682,-0.300787945145463,0.123913004405521,0.913759492329355,0
"190",0.104140043213801,-0.832204408880393,0.200345493651028,-0.0185087766973715,-0.358286098923925,-0.962496481305813,-0.988549023232339,-0.947834002841482,-1.41423663026993,0
"191",-0.764689619933802,-1.87965596326315,-1.80918453256174,-0.798133656008208,-0.990493953736005,-1.05254596344322,-1.78347222616294,-1.09036427604372,-1.90729792097035,0
"192",-1.17948838090311,-1.54085887889462,-2.23042018630872,-2.69685246902775,-3.03864665498285,-2.88503625384762,-4.24546560365553,-3.41878222995972,-4.4466951501507,1
"193",0.97438347298132,0.728697367471643,0.440448444716266,1.55930376511136,1.47942809160106,0.236116355773656,1.43085451062548,2.06304020642488,2.91244803878534,0
"194",-0.633663476181209,-1.69701249321455,-1.82714102872448,-1.60756705049933,-1.43587731272958,-2.3582409175455,-3.00983811750339,-3.22484666398228,-4.51471377818324,0
"195",0.978079358606208,-0.251645016967739,0.821815134103963,-0.440070080088025,0.0201897228646014,-0.520334354320508,1.29660876407243,0.234147442151142,1.74650308666146,0
"196",-0.23750332675927,-0.80404809814534,-0.163763971294562,0.172518121984212,0.654809242566439,0.142973297931718,-4.50275952610385,-4.4454627726358,-4.05386873673842,0
"197",-0.720150906001394,-1.16668975264318,-1.08747658428898,-1.70236138073421,-0.63151718155672,-1.62656205626775,-2.92677167701755,-3.1141299680475,-2.96590760170171,1
"198",0.773770253019234,-0.298819340334126,-0.0678377134521123,-2.76733401827967,-3.24457870171971,-3.16347470537964,-4.82252626481173,-4.65534224563762,-3.7725793891608,0
"199",1.29187130114277,1.26593039148745,0.0806579990703689,-1.61113949888065,-0.950053886938551,-1.95805286294699,-3.2552836912717,-2.73469249801215,-3.49022821300305,1
"200",1.14992159326626,0.995704851680464,1.72940427963722,2.16689267302417,0.97667101157811,1.50964903816159,1.83215661184053,2.00833713588196,2.42454806073013,1
"201",0.551492051251557,0.017965683641578,-0.0774388640229828,-2.10527494275883,-2.18267955948037,-2.7985308486905,-3.15705353996691,-2.53502725611348,-2.42068859407366,1
"202",2.00020455765245,1.83439808739949,2.00726300324932,0.664927414157316,0.497292566284952,0.381117038186279,-0.192388617035015,-0.351132464001749,-0.973514105017733,1
"203",-1.33922932701021,-0.505913715789613,-0.553770281208778,-1.72426902523552,-1.78070859003353,-1.86426852884492,-1.94722996541071,-2.04875903014891,-2.62913977369765,1
"204",-0.765111538064381,-1.74314188568584,-1.96545909875397,-1.08310993189534,-0.175544854427396,-0.443352781817694,-1.88649107599958,-1.89870505481202,-1.9320943116047,0
"205",-0.483757505905479,-0.124577688935559,-0.0583955000025397,-0.367881063075104,-1.06078128173795,-0.197779440129581,-1.88266016326692,-1.88912722264712,-1.96179308634391,0
"206",1.49465870151933,0.159594380582005,0.268215977410617,1.10367328696152,0.909925245525887,0.754663898983716,-0.72442851169638,-1.5923935961995,-2.29073216713925,0
"207",0.961577226238196,0.0689742654121084,1.10629167834294,-3.68577414695638,-3.56052015275952,-4.0620848971882,-6.21537475243059,-6.53955650962644,-6.04087223783827,1
"208",0.372422570935127,-0.15447599818701,0.644553863121207,-1.83735031678733,-0.980749490796148,-1.3457604086226,-2.87737747640685,-3.50555589617584,-3.33591328598114,0
"209",0.625703616011726,1.33043206897086,1.06238269205497,-0.17875670099706,1.30588140641804,1.32694915999233,0.637914907234163,1.27739563904309,0.281268690953754,0
"210",1.45900143492446,1.41422944010849,0.850448678902746,0.347246097755458,0.204545532139095,-0.16729532011657,2.10435239338116,0.874366041424178,1.37379155699509,0
"211",-0.097124039568776,0.644740371771493,0.609504090899395,-1.94296919160349,-2.08153125748888,-2.02941678484214,-4.37342629915525,-3.33266536700907,-3.68811590827131,1
"212",-1.71619327988656,-1.10552222953794,-2.1369329994597,-0.499796938821898,-0.765508628348504,0.190259321479743,-0.77053045105183,-1.86583166833789,-1.82976142820656,1
"213",-1.50597972243819,-2.0742015590383,-1.88571699461106,-2.02804499940791,-2.42790631646395,-1.73839056648571,-1.17290248227601,-1.94330173279955,-0.805450301048364,0
"214",-1.28111454591085,-1.17335719884988,-0.736080336569175,-1.18293328435988,-0.530260114743324,-1.60658975299824,-3.39312269777132,-3.75016883152591,-4.11968019713585,0
"215",0.00581782671958903,-0.390120222572348,0.0969946968189108,-0.772249002904397,-0.0704208600433535,0.137766558412114,1.24323946164367,0.14216942515231,0.382407207753564,0
"216",1.23654587941967,1.38014303232137,0.836825847009504,-0.51357852479579,-1.92122155092169,-1.6854906817846,-3.11696083967554,-3.61694354619178,-2.79694876612211,1
"217",1.70521961338993,1.64309846906989,1.40440610585432,2.71905746164406,2.77838290431439,3.29902210547057,3.87601556689263,3.74312491939549,3.4425333021836,1
"218",-1.59702321829392,-1.25239928105652,-1.26592424591004,-1.87682455796849,-1.84880583041753,-2.32749560859613,-0.84594782044865,-1.01109647995843,-1.5488167429631,0
"219",-2.27984378567993,-0.359078081717761,-2.32677137795968,-3.72949750121244,-2.84015291372512,-3.04773467243234,-5.72781020371985,-4.98792949811634,-5.93685651421524,1
"220",1.37398634068133,1.52482130923829,1.12855471862163,-1.2928602226779,-1.42404422304441,-0.539464259344154,-3.62981784215243,-4.72683354859126,-4.55276311640556,1
"221",-0.775506197438343,-0.0753573498353873,0.64966568618516,1.26120632907399,1.65892195086522,0.717039914380979,2.0691008477544,1.13969541358137,1.16137966629323,0
"222",0.673547768805296,0.616399645912573,-0.518491508134433,3.40775962484446,3.08841815148635,3.17078102951315,3.0663423670298,3.82569454720804,3.78560039829062,0
"223",-0.996152615100254,-0.608554195959637,-0.568019739756889,-3.17104340461811,-3.33829756766654,-3.16293768853889,-4.75702896617654,-5.03443148443192,-4.54982747332308,1
"224",1.11180852064861,1.43454559189129,1.21785416233265,0.607465894307203,0.392372685450701,0.545535894955612,-2.26705119952515,-2.51133738728915,-2.00996642052263,1
"225",1.80155776277242,2.48983226447477,2.14039208187276,-0.310643731504268,0.784580495010071,1.05337695105894,2.61883980012117,3.01697592002408,2.78314846092642,0
"226",0.613015443474339,0.68510758638421,2.10939253382467,0.423442878313294,0.534562439143277,0.954182416541834,3.5471780792085,3.93116670483591,3.95320436807501,1
"227",-0.71847210260061,-0.29419392254922,-0.4928197564918,-0.321087718642913,-0.514730269007748,-0.956085186342081,-1.17185534219515,0.16320025236025,-0.234304922101199,0
"228",1.08618805219993,1.0833295195846,1.95963784542801,-0.111613843340636,-0.574828283024993,-0.225914388153718,-1.63495519736457,-1.10225214342099,-1.19107808185209,0
"229",0.297281185815469,-1.79911600771652,-0.868568010858364,-1.71899751291468,-2.29453259166462,-1.08283417662264,-2.34052326776077,-1.92203825941473,-2.01669349866388,0
"230",-2.599601436058,-2.90978257570197,-1.86255435095483,-0.326274658363402,-1.00868900151616,-0.286817606323339,-0.13732428684099,-1.38602433620898,0.332676407861063,0
"231",0.489462009404531,0.670694468800021,1.28071042828785,-0.32769612450932,0.990575874496073,1.02616816849101,2.94149335798001,2.41389969049867,2.88618168394847,0
"232",-0.545958762692336,0.221498716317685,-0.949927241131436,-0.826427193907867,-0.578351331875812,-1.08061693879869,-1.99867307402901,-2.17071782257309,-2.25894741147119,0
"233",0.913874592089507,1.64266570275185,0.333284036223953,2.34338138224553,1.76202145335776,1.60453382739662,0.440450303854694,0.795154149580551,1.21255561106384,0
"234",-1.69093423667344,-1.77994197591568,-0.915748630465626,0.131649558509575,0.0632749739557902,-0.880216517569369,-4.53168380240735,-4.2369165231812,-3.99896654370861,0
"235",-2.83080507757598,-2.16013529645178,-2.03007830625622,-3.91162021157111,-3.2092478608408,-3.39148004846026,-4.62867680095474,-4.58828594718353,-5.1218190999357,1
"236",-0.412984045384929,-0.194278401861924,-0.777286022556356,0.150806865713998,-0.498269966217689,-0.810193669596966,-0.781890216299986,0.0386868844170613,-1.16303229527271,1
"237",-1.54892999472771,-1.12596135958963,-1.57756252410617,-1.25496153006122,-1.78880361924544,-0.584021470854659,-1.94642586654784,-2.27374772592033,-2.20325103801185,0
"238",1.62119149120735,0.891100541748941,1.04390874099927,-2.69039580301427,-2.16462048677831,-2.11698644865928,-4.72273853835018,-4.4719809674194,-4.888579841342,1
"239",0.575304900495971,-0.51302789061823,0.20105185103566,-0.0235385144379659,0.578778282939463,0.727386518678282,0.470464440751024,0.560781750015281,1.02632227314198,1
"240",0.208492801158911,0.802209372016873,0.123595025284968,0.0401096556322605,-0.360840844577798,-1.2774111824943,-1.39607119081541,-1.34401380069889,-0.530283181383644,0
"241",-0.602127726248291,-0.149802096055926,0.744849162683097,-1.32368709201544,-1.05723158457805,-1.21786630471331,-0.707787899768599,-1.2368532199807,-1.56159464663133,0
"242",1.88759392260218,1.5243746790254,1.73682456612633,2.5792066459589,2.09415130875205,2.71700595582142,3.83369420440017,4.37794027314438,5.28820458340773,1
"243",-1.99865051219658,-1.27779911834281,-1.58923439915299,-3.31338766775334,-2.6589726359063,-2.9616559486072,-3.86853478842522,-2.85377687244842,-3.33933207334963,0
"244",-0.299870099857231,0.382588806957844,-0.436219382824049,-2.24275082863981,-2.44193776128654,-1.5147120944314,-2.77473465134203,-3.15009592703061,-2.66681270783972,0
"245",0.951190200508603,0.679931824542899,0.408816649551991,-3.44277914843853,-2.27844008851437,-3.27715849571277,-4.47324447464815,-4.1812763292999,-5.13179759965979,1
"246",1.43185532568354,1.64962363777089,2.15034700978572,2.83026241333874,2.80645441942969,1.93965412123005,4.09405446942549,4.6245800183707,4.62893920511412,0
"247",-0.552104025884347,-0.275036364438862,-0.570943553361465,-0.430216391594782,0.579122442539176,0.0446375521927969,-0.687130708731285,-1.34194860437092,-1.04589074540149,0
"248",1.69597415636488,1.49232223376812,2.63454324868378,2.23535336533475,1.57102948409696,1.68781962812034,1.18443653215893,1.28715893390241,0.738819167746936,0
"249",-2.13183420505565,-2.17490681932069,-3.14482286102059,-1.72350691496394,-1.54140692275376,-1.72044616453969,-2.732914187526,-3.20372840006496,-2.97789005080499,0
"250",0.806596398630675,1.3164899656331,1.39734575137061,0.636271446934015,0.214163505818756,-0.0258827512545584,-1.73279027108404,-2.23313107593101,-1.92370188505387,1
